{"edges":[],"data":{"Sexual assualt category":[null,null,null,"Sexual assault by rape or penetration (including attempts)","Sexual assault by rape or penetration (including attempts)","Sexual assault by rape or penetration (including attempts)","Other sexual assault","Other sexual assault","Other sexual assault",null,null,null,"Sexual assault by rape or penetration (including attempts)","Sexual assault by rape or penetration (including attempts)","Sexual assault by rape or penetration (including attempts)","Other sexual assault","Other sexual assault","Other sexual assault",null,null,null,"Sexual assault by rape or penetration (including attempts)","Sexual assault by rape or penetration (including attempts)","Sexual assault by rape or penetration (including attempts)","Other sexual assault","Other sexual assault","Other sexual assault"],"Year":[2016,2016,2016,2016,2016,2016,2016,2016,2016,2016,2016,2016,2016,2016,2016,2016,2016,2016,2016,2016,2016,2016,2016,2016,2016,2016,2016],"Age":[null,"16 to 24","25 to 34",null,"16 to 24","25 to 34",null,"16 to 24","25 to 34",null,"16 to 24","25 to 34",null,"16 to 24","25 to 34",null,"16 to 24","25 to 34",null,"16 to 24","25 to 34",null,"16 to 24","25 to 34",null,"16 to 24","25 to 34"],"Sex":[null,null,null,null,null,null,null,null,null,"Male","Male","Male","Male","Male","Male","Male","Male","Male","Female","Female","Female","Female","Female","Female","Female","Female","Female"],"Value":[4.020190605,2.970786554,4.875560487,1.347804186,0.845915624,1.757334976,3.844227552,2.901875199,4.614672242,1.334661575,0.940970021,1.664044305,0.389457068,0.209502652,0.539945976,1.264253875,0.9338694,1.542277698,6.75248204,5.096815727,8.066563071,2.319017369,1.50869462,2.96393503,6.462897179,4.964449169,7.652522856]}}