{"edges":[],"data":{"Value":[5.6,5.4,5.1,5.325149221,5.141273623,4.721398783,5.943771561,5.789651222,5.192285494,5.185484335,5.495265747,5.471314943,5.032616701,5.501497192,5.091352433,5.490158192,5.781138654,5.22134669,5.407883004,5.194188465,5.144915469,5.270123591,5.20542915,5.073647166,5.275355441,5.28103247,5.545664915,5.496937525,5.619163148,5.094865506,5.198436347,5.187433125,5.303970538,5.115147699,5.183452656,5.007480999,5.487271259,5.353540909,4.992449836,5.014071669,5.031360508,5.175871183,4.870215018,4.966948183,5.021308719,5.084892879,4.932636927,4.918628753,4.878618453,4.527771233,4.7009459,4.736432349,4.617631529,4.716714528,4.568584954,4.648777498,4.992414814,4.702504977,4.6683444,4.812388016,4.607166896,4.696671,4.710494366,4.569696016,4.634965547,4.598920879],"GeoCode":["E92000001","E92000001","E92000001","E92000001","E92000001","E92000001","E92000001","E92000001","E92000001","E92000001","E92000001","E92000001","E92000001","E92000001","E92000001","E92000001","E92000001","E92000001","E92000001","E92000001","E92000001","E92000001","E92000001","E92000001","E92000001","E92000001","E92000001","E92000001","E92000001","E92000001","E92000001","E92000001","E92000001","E92000001","E92000001","E92000001","E92000001","E92000001","E92000001","E92000001","E92000001","E92000001","E92000001","E92000001","E92000001","E92000001","E92000001","E92000001","E92000001","E92000001","E92000001","E92000001","E92000001","E92000001","E92000001","E92000001","E92000001","E92000001","E92000001","E92000001","E92000001","E92000001","E92000001","E92000001","E92000001","E92000001"],"Year":[2010,2011,2012,2013,2014,2015,2013,2013,2013,2013,2013,2013,2013,2013,2013,2013,2013,2013,2013,2013,2013,2013,2013,2013,2013,2013,2014,2014,2014,2014,2014,2014,2014,2014,2014,2014,2014,2014,2014,2014,2014,2014,2014,2014,2014,2014,2015,2015,2015,2015,2015,2015,2015,2015,2015,2015,2015,2015,2015,2015,2015,2015,2015,2015,2015,2015],"Region":[null,null,null,null,null,null,null,null,null,null,null,null,null,null,null,null,null,null,null,null,null,null,null,null,null,null,null,null,null,null,null,null,null,null,null,null,null,null,null,null,null,null,null,null,null,null,null,null,null,null,null,null,null,null,null,null,null,null,null,null,null,null,null,null,null,null],"Local Authority":[null,null,null,null,null,null,null,null,null,null,null,null,null,null,null,null,null,null,null,null,null,null,null,null,null,null,null,null,null,null,null,null,null,null,null,null,null,null,null,null,null,null,null,null,null,null,null,null,null,null,null,null,null,null,null,null,null,null,null,null,null,null,null,null,null,null],"Deprivation Decile":[null,null,null,null,null,null,"Most deprived decile (IMD2010)","Second most deprived decile (IMD2010)","Third more deprived decile (IMD2010)","Fourth more deprived decile (IMD2010)","Fifth more deprived decile (IMD2010)","Fifth less deprived decile (IMD2010)","Fourth less deprived decile (IMD2010)","Third less deprived decile (IMD2010)","Second least deprived decile (IMD2010)","Least deprived decile (IMD2010)","Most deprived decile (IMD2010)","Second most deprived decile (IMD2010)","Third more deprived decile (IMD2010)","Fourth more deprived decile (IMD2010)","Fifth more deprived decile (IMD2010)","Fifth less deprived decile (IMD2010)","Fourth less deprived decile (IMD2010)","Third less deprived decile (IMD2010)","Second least deprived decile (IMD2010)","Least deprived decile (IMD2010)","Most deprived decile (IMD2010)","Second most deprived decile (IMD2010)","Third more deprived decile (IMD2010)","Fourth more deprived decile (IMD2010)","Fifth more deprived decile (IMD2010)","Fifth less deprived decile (IMD2010)","Fourth less deprived decile (IMD2010)","Third less deprived decile (IMD2010)","Second least deprived decile (IMD2010)","Least deprived decile (IMD2010)","Most deprived decile (IMD2010)","Second most deprived decile (IMD2010)","Third more deprived decile (IMD2010)","Fourth more deprived decile (IMD2010)","Fifth more deprived decile (IMD2010)","Fifth less deprived decile (IMD2010)","Fourth less deprived decile (IMD2010)","Third less deprived decile (IMD2010)","Second least deprived decile (IMD2010)","Least deprived decile (IMD2010)","Most deprived decile (IMD2015)","Second most deprived decile (IMD2015)","Third more deprived decile (IMD2015)","Fourth more deprived decile (IMD2015)","Fifth more deprived decile (IMD2015)","Fifth less deprived decile (IMD2015)","Fourth less deprived decile (IMD2015)","Third less deprived decile (IMD2015)","Second least deprived decile (IMD2015)","Least deprived decile (IMD2015)","Most deprived decile (IMD2015)","Second most deprived decile (IMD2015)","Third more deprived decile (IMD2015)","Fourth more deprived decile (IMD2015)","Fifth more deprived decile (IMD2015)","Fifth less deprived decile (IMD2015)","Fourth less deprived decile (IMD2015)","Third less deprived decile (IMD2015)","Second least deprived decile (IMD2015)","Least deprived decile (IMD2015)"]}}